INSERT INTO User (Email_address, Phone_num, Username, Password) VALUES 
('adam@psu.edu', '1223341234', 'manyapples', 'password'),
('berty@yahoo.com', '4123379148', 'peopletopeople', 'drowssap'),
('lolking@me.com', '1234567896', 'notme', 'helloworld'),
('newemail@him.com', '2589631234', 'anotheruser', '12345'),
('asians@sublime.com', '4127898523', 'chinesebaloni', 'musicvideo'),
('kpop@korea.kk', '1231231231', 'skyskyskys', 'couldiiiiii'),
('morefakedata@fakers.org', '1234659635', 'raprapitout', 'lolzallday'),
('taeyeon@gg.gg', '1231221994', 'flyitout', 'mylife'),
('almostthere@hi.com', '2015100989', 'verbaljint', 'musicvideo'),
('eleven@gmail.com', '1800180010', 'apples', 'moreapples'),
('ineedsomething@hotmail.com', '1800phoneme', 'girlsrule', 'kisses'),
('koreans@laugh.me', '1800buynow', 'league', 'legends'),
('helloworld@gmail.com', '1234567890', 'string', 'band'),
('close@aol.com', '1800heartattack', 'rugbychamps', 'password'),
('lastone@gmail.com,', '9876543210', 'footballfordayz', 'pickmeup');

INSERT INTO Buyer (Id, DOB, Income) VALUES
(1, '2000-12-12', 100),
(2, '1991-01-23', 90000),
(3, '1940-03-11', 145000);

INSERT INTO Zip (Zip_id, State, City) VALUES
('15239', 'PA', 'Pittsburgh'),
('16802', 'PA', 'State College'),
('52596', 'CA', 'Fratville');

INSERT INTO Address (Street, Apt_num, Zip, Permanent_addr) VALUES
('4444 Homer Ave', 34, '16802', 0),
('1 Hoverville St', 0, '16802', 1),
('Lalaland Ct', 100, '15239', 1);

INSERT INTO Supplier (Id, Company_name, Company_category, Revenue, Routing_num, Address) VALUES
(4, 'Hello Kitty', 'league', 1000000000, 123456, 1),
(5, 'Lol World', 'league', 16546520, 58962, 2),
(6, 'King Lol', 'league', 845616132, 486525, 2);

INSERT INTO Category (Category_name, Super_category) VALUES
("root", null),
("virtual", 1),
("physical", 1),
("weapon", 2),
("armor", 2),
("shoes", 2),
("skin", 2),
("wards", 2),
("garagekits", 3),
("clothes", 3),
("shoes", 3),
("AD", 4),
("AP", 4),
("AD", 5),
("AP", 5),
("heroes", 9),
("parts", 9),
("top",10),
("bottom",10),
("weapon",17),
("armor",17),
("shoes",17),
("wards",17);



INSERT INTO Item (Item_name, Category_id, Supplier_id, Price, Description, Image, Combine_id1, Combine_id2, Combine_id3) VALUES
("B.F Sword", 12, 2, 12, "A very good League Item number 1", "BFSWord.jpg", null, null, null),
("Cloak of Agility", 14, 3, 7, "A very good League Item number 2", "CloakOfAgility.jpg" null, null, null),
("Pickaxe", 12, 1, 8, "A very good League Item number 3", "Pickaxe.jpg", null, null, null),
("Ruby Crystal", 14, 1, 3, "A very good League Item number 4", "RubyCrystal.jpg", null, null, null),
("Sapphire Crystal", 15, 1, 3, "A very good League Item number 5", "SapphireCrystal.jpg", null, null, null),
("Long Sward", 12, 3, 3, "A very good League Item number 6", "LongSward.jpg", null, null, null),
("Faerie Charm", 15, 1, 1, "A very good League Item number 7", "FaerieCharm.jpg", null, null, null),
("Hunter's Machete", 12, 3, 4, "A very good League Item number 8", "Hunter'sMachete.jpg", null, null, null),
("Null-Magic Mantle", 15, 2, 3, "A very good League Item number 9", "Null-MagicMantle", null, null, null),
("Dagger", 12, 3, 4, "A very good League Item number 10","Dagger.jpg", null, null, null),
("Cloth Armor", 15, 2, 3, "A very good League Item number 11","ClothArmor.jpg", null, null, null),
("Doran's Ring", 13, 1, 2, "A very good League Item number 12", "Doran'sRing.jpg", null, null, null),
("Doran's Blade", 12, 3, 2, "A very good League Item number 13", "Doran'sBlade.jpg", null, null, null),
("Doran's Shield", 14, 2, 2, "A very good League Item number 14", "Doran'sShield.jpg", null, null, null),
("Amplifying Tome", 13, 2, 3, "A very good League Item number 15","AmplifyingTome.jpg", null, null, null),
("Boots of Speed", 6, 1, 3, "A very good League Item number 16", "BootsOfSpeed.jpg", null, null, null),
("Needlessly Large Rod", 13, 2, 14, "A very good League Item number 17","NeedlesslyLargeRod.jpg", null, null, null),
("Brawler's Gloves", 14, 1, 4, "A very good League Item number 18", "Brawler'sGloves.jpg", null, null, null),
("Ancient Coin", 15, 2, 3, "A very good League Item number 19","AncientCoin.jpg", null, null, null),
("Blasting Wand", 13, 1, 8, "A very good League Item number 20", "BlastingWand.jpg", null, null, null),
("Spellthirf's Edge", 13, 3, 4, "A very good League Item number 21", "Spellthirf'sEdge.jpg", null, null, null),
("Recurve Bow", 12, 3, 4, "A very good League Item number 22", "RecurveBow.jpg", null, null, null),
("Rejuvenation Bead", 21, 1, 728, "A very good League Item number 23", "RejuvenationBead.jpg", null, null, null),
("Relic Shield", 15, 3, 5, "A very good League Item number 24","RelicShield.jpg", null, null, null),
("Giant's Belt", 14, 1, 9, "A very good League Item number 25","Giant'sBelt.jpg", 4, null, null),
("Negatron Cloak", 15, 3, 8, "A very good League Item number 26", "NegatronCloak.jpg", 9, null, null),
("Berserker's Greaves", 6, 2, 5, "A very good League Item number 27","Berserker'sGreaves.jpg", 1, 16, null),
("Boots of Mobility", 6, 3, 6, "A very good League Item number 28", "BootsOfMobility.jpg", 16, null, null),
("Boots of Swiftness", 6, 3, 6, "A very good League Item number 29","BootsOfSwiftness.jpg", 16, null, null),
("Sorcerer's Shoes", 6, 1, 6, "A very good League Item number 30","Sorcerer'sShoes.jpg", 16, null, null),
("Mercury's Treads", 6, 3, 5, "A very good League Item number 31", "Mercury'sTreads.jpg", 9, 16, null),
("Forbidden Idol", 15, 1, 6, "A very good League Item number 32","ForbiddenIdol.jpg", 7, 7, null),
("Hexdrinker", 12, 2, 11, "A very good League Item number 33","Hexdrinker.jpg", 6, 9, null),
("Chain Vest", 14, 2, 9, "A very good League Item number 34", "ChainVest.jpg", 11, null, null),
("Fiendish Codex", 13, 3, 8, "A very good League Item number 35", "FiendishCodex.jpg", 15, null, null),
("Chalice of Harmony", 13, 2, 8, "A very good League Item number 36", "ChaliceOfHarmony.jpg", 7, 7, 9),
("Frostfang", 13, 2, 5, "A very good League Item number 37","Frostfang.jpg", 21, null, null),
("Crystalline Bracer", 14, 2, 5, "A very good League Item number 38","CrystallineBracer.jpg", 4, 23, null),
("Bami's Cinder", 14, 3, 9, "A very good League Item number 39","Bami'sCinder.jpg", 4, null, null),
("Avarice Blade", 12, 1, 7, "A very good League Item number 4null", "AvariceBlade.jpg", 18, null, null),
("Catalyst the Peotector", 14, 3, 7, "A very good League Item number 41","CatalystThePeotector.jpg", 4, 5, null),
("Glacial Shroud", 14, 1, 4, "A very good League Item number 42","GlacialShroud.jpg", 5, 11, null),
("Hunting Guise", 15, 1, 9, "A very good League Item number 43", "HuntingGuise.jpg", 4, 15, null),
("Rabadon's Deathcap", 13, 2, 23, "A very good League Item number 44", "Rabadon'sDeathcap.jpg", 15, 17, 2),
("Rylai's Crystal Scepter", 13, 2, 2, "A very good League Item number 45","Rylai'sCrystalScepter.jpg", 15, 17, 25),
("Morellononicon", 13, 2, 15, "A very good League Item number 46","Morellononicon.jpg", 15, 32, 35),
("Warmog's Armor", 14, 1, 18, "A very good League Item number 47","Warmog'sArmor.jpg", 25, 38, 38),
("Spectre's Cowl", 15, 1, 13, "A very good League Item number 48","Spectre'sCowl.jpg", 4, 15, null),
("Aegis of the Legion", 15, 3, 17, "A very good League Item number 49","AegisOfTheLegion.jpg", 15, 38, null),
("Infinity Edge", 12, 1, 3, "A very good League Item number 5null","InfinityEdge.jpg", 1, 2, 3);



INSERT INTO Rating_user (Comment, Star_rank, Item_id) VALUES
("This product sucked!", 0, 1),
("This product was the best!", 5, 2),
("Can't believe I bought this...", 1, 1),
("Wow can't wait to see more products like this", 4, 3),
("It was okay. Not very impressive", 3, 4);

INSERT INTO Bid_on (Bid_start_time, Bid_end_time, Price) VALUES
("2015-8-22", "2015-10-18", 486),
("2015-8-25", "2015-10-9", 204),
("2015-8-18", "2015-10-3", 263),
("2015-8-13", "2015-10-14", 63),
("2015-8-30", "2015-10-22", 66),
("2015-8-5", "2015-10-23", 387),
("2015-8-12", "2015-10-22", 42),
("2015-8-24", "2015-10-7", 435),
("2015-8-13", "2015-10-14", 122),
("2015-8-22", "2015-10-20", 82),
("2015-8-2", "2015-10-26", 197),
("2015-8-21", "2015-10-27", 41),
("2015-8-20", "2015-10-5", 51),
("2015-8-24", "2015-10-10", 25),
("2015-8-4", "2015-10-20", 455),
("2015-8-15", "2015-10-31", 266),
("2015-8-4", "2015-10-16", 222),
("2015-8-9", "2015-10-15", 89),
("2015-8-30", "2015-10-7", 128),
("2015-8-17", "2015-10-8", 98),
("2015-8-3", "2015-10-15", 334),
("2015-8-4", "2015-10-3", 188),
("2015-8-27", "2015-10-16", 457),
("2015-8-15", "2015-10-25", 149),
("2015-8-12", "2015-10-8", 35),
("2015-8-25", "2015-10-29", 254),
("2015-8-22", "2015-10-24", 303),
("2015-8-13", "2015-10-21", 194),
("2015-8-9", "2015-10-11", 399),
("2015-8-9", "2015-10-20", 293),
("2015-8-29", "2015-10-17", 330),
("2015-8-3", "2015-10-25", 58),
("2015-8-14", "2015-10-27", 323),
("2015-8-2", "2015-10-9", 134),
("2015-8-30", "2015-10-3", 421),
("2015-8-17", "2015-10-27", 131),
("2015-8-24", "2015-10-5", 315),
("2015-8-31", "2015-10-27", 174),
("2015-8-25", "2015-10-14", 372),
("2015-8-5", "2015-10-18", 477),
("2015-8-2", "2015-10-31", 458),
("2015-8-8", "2015-10-20", 308),
("2015-8-23", "2015-10-15", 369),
("2015-8-15", "2015-10-22", 237),
("2015-8-17", "2015-10-7", 443),
("2015-8-1", "2015-10-11", 120),
("2015-8-17", "2015-10-15", 302),
("2015-8-19", "2015-10-18", 371),
("2015-8-4", "2015-10-6", 318),
("2015-8-5", "2015-10-18", 384);

INSERT INTO History (Item_id, Buyer_id, Bidding_price, Bid_on, Time_stamp) VALUES
(50, 2, 314, 50, "2015-9-29"),
(1, 2, 95, 1, "2015-9-9"),
(2, 2, 950, 2, "2015-9-17"),
(3, 1, 556, 3, "2015-9-27"),
(4, 1, 262, 4, "2015-9-12"),
(5, 1, 422, 5, "2015-9-17"),
(6, 3, 754, 6, "2015-9-17"),
(7, 3, 591, 7, "2015-9-11"),
(8, 3, 188, 8, "2015-9-18"),
(9, 1, 701, 9, "2015-9-27"),
(10, 1, 737, 10, "2015-9-6"),
(11, 1, 316, 11, "2015-9-2"),
(12, 3, 991, 12, "2015-9-13"),
(13, 2, 942, 13, "2015-9-9"),
(14, 2, 711, 14, "2015-9-11"),
(15, 3, 691, 15, "2015-9-1"),
(16, 2, 629, 16, "2015-9-24"),
(17, 1, 183, 17, "2015-9-25"),
(18, 2, 253, 18, "2015-9-18"),
(19, 2, 858, 19, "2015-9-30"),
(20, 2, 1000, 20, "2015-9-7"),
(21, 3, 292, 21, "2015-9-8"),
(22, 2, 202, 22, "2015-9-29"),
(23, 1, 295, 23, "2015-9-8"),
(24, 2, 888, 24, "2015-9-26"),
(25, 3, 210, 25, "2015-9-25"),
(26, 2, 366, 26, "2015-9-15"),
(27, 3, 47, 27, "2015-9-6"),
(28, 2, 692, 28, "2015-9-29"),
(29, 1, 290, 29, "2015-9-5"),
(30, 1, 10, 30, "2015-9-26"),
(31, 2, 525, 31, "2015-9-23"),
(32, 3, 165, 32, "2015-9-7"),
(33, 1, 335, 33, "2015-9-19"),
(34, 2, 706, 34, "2015-9-27"),
(35, 3, 357, 35, "2015-9-26"),
(36, 2, 365, 36, "2015-9-26"),
(37, 2, 897, 37, "2015-9-27"),
(38, 3, 499, 38, "2015-9-8"),
(39, 1, 515, 39, "2015-9-22"),
(40, 1, 730, 40, "2015-9-29"),
(41, 1, 944, 41, "2015-9-27"),
(42, 1, 640, 42, "2015-9-16"),
(43, 2, 648, 43, "2015-9-10"),
(44, 3, 696, 44, "2015-9-12"),
(45, 1, 252, 45, "2015-9-25"),
(46, 1, 95, 46, "2015-9-19"),
(47, 2, 839, 47, "2015-9-11"),
(48, 1, 431, 48, "2015-9-10"),
(49, 3, 146, 49, "2015-9-2");

