INSERT INTO User (Email_address, Phone_num, Username, Password) VALUES 
('adam@psu.edu', '1223341234', 'manyapples', 'password'),
('berty@yahoo.com', '4123379148', 'peopletopeople', 'drowssap'),
('lolking@me.com', '1234567896', 'notme', 'helloworld'),
('newemail@him.com', '2589631234', 'anotheruser', '12345'),
('asians@sublime.com', '4127898523', 'chinesebaloni', 'musicvideo'),
('kpop@korea.kk', '1231231231', 'skyskyskys', 'couldiiiiii'),
('morefakedata@fakers.org', '1234659635', 'raprapitout', 'lolzallday'),
('taeyeon@gg.gg', '1231221994', 'flyitout', 'mylife'),
('almostthere@hi.com', '2015100989', 'verbaljint', 'musicvideo'),
('eleven@gmail.com', '1800180010', 'apples', 'moreapples'),
('ineedsomething@hotmail.com', '1800phoneme', 'girlsrule', 'kisses'),
('koreans@laugh.me', '1800buynow', 'league', 'legends'),
('helloworld@gmail.com', '1234567890', 'string', 'band'),
('close@aol.com', '1800heartattack', 'rugbychamps', 'password'),
('lastone@gmail.com,', '9876543210', 'footballfordayz', 'pickmeup');

INSERT INTO Buyer (Id, DOB, Income) VALUES
(1, '2000-12-12', 100),
(2, '1991-01-23', 90000),
(3, '1940-03-11', 145000);

INSERT INTO Zip (Zip_id, State, City) VALUES
('15239', 'PA', 'Pittsburgh'),
('16802', 'PA', 'State College'),
('52596', 'CA', 'Fratville');

INSERT INTO Address (Street, Apt_num, Zip, Permanent_addr) VALUES
('4444 Homer Ave', 34, '16802', 0),
('1 Hoverville St', 0, '16802', 1),
('Lalaland Ct', 100, '15239', 1);

INSERT INTO Supplier (Id, Company_name, Company_category, Revenue, Routing_num, Address) VALUES
(4, 'Hello Kitty', 'league', 1000000000, 123456, 1),
(5, 'Lol World', 'league', 16546520, 58962, 2),
(6, 'King Lol', 'league', 845616132, 486525, 2);


INSERT INTO Category (Category_name, Super_category) VALUES
("root", ),
("in-game items", 1),
("virtual", 2),
("physical", 2),


INSERT INTO Item (Item_name, Category_id, Supplier_id, Price, Description, Quantity, Combine_id1, Combine_id2, Combine_id3) VALUES
("League Item0", 8, 3, 328, "A very good League Item number 0", 19, 30, 22, 26),
("League Item1", 4, 3, 964, "A very good League Item number 1", 2, 19, 47, 19),
("League Item2", 4, 2, 789, "A very good League Item number 2", 17, 37, 44, 13),
("League Item3", 1, 2, 4, "A very good League Item number 3", 12, 44, 2, 3),
("League Item4", 15, 2, 30, "A very good League Item number 4", 2, 7, 5, 19),
("League Item5", 16, 1, 262, "A very good League Item number 5", 10, 14, 7, 50),
("League Item6", 8, 2, 170, "A very good League Item number 6", 10, 25, 49, 41),
("League Item7", 7, 2, 533, "A very good League Item number 7", 16, 13, 43, 19),
("League Item8", 16, 1, 223, "A very good League Item number 8", 15, 13, 9, 12),
("League Item9", 4, 2, 317, "A very good League Item number 9", 17, 31, 25, 8),
("League Item10", 4, 3, 465, "A very good League Item number 10", 11, 15, 5, 12),
("League Item11", 6, 1, 322, "A very good League Item number 11", 3, 48, 19, 11),
("League Item12", 16, 1, 746, "A very good League Item number 12", 13, 24, 6, 26),
("League Item13", 17, 3, 490, "A very good League Item number 13", 15, 15, 6, 50),
("League Item14", 7, 2, 495, "A very good League Item number 14", 20, 5, 42, 37),
("League Item15", 5, 3, 315, "A very good League Item number 15", 2, 30, 24, 30),
("League Item16", 5, 1, 468, "A very good League Item number 16", 0, 28, 1, 3),
("League Item17", 8, 1, 295, "A very good League Item number 17", 7, 24, 48, 34),
("League Item18", 14, 3, 803, "A very good League Item number 18", 6, 13, 45, 8),
("League Item19", 18, 2, 637, "A very good League Item number 19", 15, 45, 25, 38),
("League Item20", 16, 3, 706, "A very good League Item number 20", 9, 13, 8, 13),
("League Item21", 5, 1, 673, "A very good League Item number 21", 5, 40, 2, 14),
("League Item22", 3, 2, 718, "A very good League Item number 22", 13, 28, 27, 38),
("League Item23", 13, 2, 132, "A very good League Item number 23", 11, 22, 19, 47),
("League Item24", 13, 1, 65, "A very good League Item number 24", 18, 9, 26, 45),
("League Item25", 16, 2, 258, "A very good League Item number 25", 17, 18, 25, 36),
("League Item26", 4, 3, 511, "A very good League Item number 26", 0, 34, 19, 26),
("League Item27", 19, 1, 621, "A very good League Item number 27", 9, 17, 20, 20),
("League Item28", 12, 2, 396, "A very good League Item number 28", 11, 48, 35, 40),
("League Item29", 9, 3, 249, "A very good League Item number 29", 11, 12, 30, 24),
("League Item30", 3, 1, 264, "A very good League Item number 30", 15, 47, 37, 20),
("League Item31", 7, 2, 744, "A very good League Item number 31", 8, 45, 2, 23),
("League Item32", 15, 3, 953, "A very good League Item number 32", 16, 42, 16, 49),
("League Item33", 11, 2, 345, "A very good League Item number 33", 14, 2, 33, 31),
("League Item34", 18, 2, 96, "A very good League Item number 34", 15, 42, 3, 35),
("League Item35", 12, 2, 836, "A very good League Item number 35", 17, 1, 39, 30),
("League Item36", 18, 2, 688, "A very good League Item number 36", 0, 18, 16, 19),
("League Item37", 1, 3, 624, "A very good League Item number 37", 16, 40, 33, 46),
("League Item38", 10, 3, 38, "A very good League Item number 38", 17, 46, 38, 8),
("League Item39", 13, 2, 258, "A very good League Item number 39", 4, 19, 26, 39),
("League Item40", 18, 3, 461, "A very good League Item number 40", 5, 44, 3, 15),
("League Item41", 10, 2, 721, "A very good League Item number 41", 20, 14, 49, 26),
("League Item42", 14, 3, 607, "A very good League Item number 42", 1, 27, 15, 5),
("League Item43", 10, 3, 727, "A very good League Item number 43", 0, 27, 26, 18),
("League Item44", 7, 3, 745, "A very good League Item number 44", 0, 19, 48, 3),
("League Item45", 18, 2, 512, "A very good League Item number 45", 0, 46, 45, 17),
("League Item46", 8, 2, 819, "A very good League Item number 46", 16, 19, 47, 9),
("League Item47", 13, 3, 303, "A very good League Item number 47", 6, 5, 15, 47),
("League Item48", 5, 1, 936, "A very good League Item number 48", 8, 38, 50, 25),
("League Item49", 16, 3, 816, "A very good League Item number 49", 5, 8, 31, 5),
("League Item50", 14, 1, 134, "A very good League Item number 50", 10, 10, 7, 45),
("League Item51", 17, 2, 34, "A very good League Item number 51", 2, 36, 50, 31),
("League Item52", 4, 3, 790, "A very good League Item number 52", 2, 5, 5, 33),
("League Item53", 14, 1, 862, "A very good League Item number 53", 6, 21, 12, 25),
("League Item54", 15, 2, 456, "A very good League Item number 54", 19, 40, 12, 26),
("League Item55", 4, 2, 526, "A very good League Item number 55", 18, 15, 1, 23),
("League Item56", 9, 1, 814, "A very good League Item number 56", 18, 40, 18, 22),
("League Item57", 9, 2, 733, "A very good League Item number 57", 12, 16, 19, 29),
("League Item58", 11, 3, 4, "A very good League Item number 58", 13, 20, 4, 6),
("League Item59", 11, 2, 906, "A very good League Item number 59", 0, 1, 37, 40),
("League Item60", 13, 3, 295, "A very good League Item number 60", 2, 19, 6, 17),
("League Item61", 10, 2, 321, "A very good League Item number 61", 6, 40, 41, 37),
("League Item62", 18, 3, 978, "A very good League Item number 62", 16, 11, 6, 21),
("League Item63", 7, 2, 265, "A very good League Item number 63", 2, 4, 22, 5),
("League Item64", 1, 3, 192, "A very good League Item number 64", 4, 23, 23, 22),
("League Item65", 12, 3, 994, "A very good League Item number 65", 7, 43, 39, 43),
("League Item66", 13, 1, 170, "A very good League Item number 66", 18, 40, 16, 46),
("League Item67", 3, 1, 505, "A very good League Item number 67", 4, 33, 40, 20),
("League Item68", 11, 3, 286, "A very good League Item number 68", 12, 9, 17, 43),
("League Item69", 13, 2, 148, "A very good League Item number 69", 10, 16, 35, 35),
("League Item70", 11, 2, 486, "A very good League Item number 70", 15, 36, 34, 18),
("League Item71", 17, 3, 622, "A very good League Item number 71", 8, 8, 35, 35),
("League Item72", 1, 1, 727, "A very good League Item number 72", 1, 34, 17, 8),
("League Item73", 19, 3, 878, "A very good League Item number 73", 2, 11, 9, 19),
("League Item74", 3, 3, 991, "A very good League Item number 74", 19, 46, 30, 28),
("League Item75", 12, 3, 372, "A very good League Item number 75", 1, 5, 50, 15),
("League Item76", 2, 1, 975, "A very good League Item number 76", 3, 45, 38, 25),
("League Item77", 7, 1, 799, "A very good League Item number 77", 17, 26, 32, 44),
("League Item78", 19, 1, 221, "A very good League Item number 78", 10, 37, 31, 15),
("League Item79", 12, 3, 436, "A very good League Item number 79", 16, 39, 50, 17),
("League Item80", 10, 3, 458, "A very good League Item number 80", 17, 41, 35, 36),
("League Item81", 9, 2, 40, "A very good League Item number 81", 16, 23, 34, 43),
("League Item82", 6, 3, 220, "A very good League Item number 82", 8, 28, 41, 37),
("League Item83", 6, 3, 221, "A very good League Item number 83", 10, 20, 10, 49),
("League Item84", 6, 2, 824, "A very good League Item number 84", 14, 14, 8, 41),
("League Item85", 20, 2, 890, "A very good League Item number 85", 1, 19, 20, 46),
("League Item86", 1, 1, 303, "A very good League Item number 86", 4, 2, 6, 17),
("League Item87", 13, 1, 443, "A very good League Item number 87", 17, 24, 48, 44),
("League Item88", 10, 1, 945, "A very good League Item number 88", 16, 49, 32, 49),
("League Item89", 18, 3, 678, "A very good League Item number 89", 17, 24, 42, 11),
("League Item90", 14, 1, 151, "A very good League Item number 90", 16, 37, 11, 17),
("League Item91", 7, 1, 80, "A very good League Item number 91", 3, 7, 30, 15),
("League Item92", 11, 3, 781, "A very good League Item number 92", 20, 21, 17, 50),
("League Item93", 8, 3, 224, "A very good League Item number 93", 14, 2, 50, 13),
("League Item94", 3, 1, 852, "A very good League Item number 94", 11, 30, 23, 1),
("League Item95", 20, 1, 960, "A very good League Item number 95", 20, 40, 1, 45),
("League Item96", 11, 2, 588, "A very good League Item number 96", 4, 47, 24, 41),
("League Item97", 14, 3, 33, "A very good League Item number 97", 17, 36, 24, 24),
("League Item98", 18, 2, 33, "A very good League Item number 98", 9, 16, 44, 30),
("League Item99", 7, 1, 362, "A very good League Item number 99", 3, 29, 29, 9);


INSERT INTO Rating_user (Comment, Star_rank, Item_id) VALUES
("This product sucked!", 0, 1),
("This product was the best!", 5, 2),
("Can't believe I bought this...", 1, 1),
("Wow can't wait to see more products like this", 4, 3),
("It was okay. Not very impressive", 3, 4);

INSERT INTO Bid_on (Bid_start_time, Bid_end_time, Price) VALUES
("2015-8-22", "2015-10-18", 486),
("2015-8-25", "2015-10-9", 204),
("2015-8-18", "2015-10-3", 263),
("2015-8-13", "2015-10-14", 63),
("2015-8-30", "2015-10-22", 66),
("2015-8-5", "2015-10-23", 387),
("2015-8-12", "2015-10-22", 42),
("2015-8-24", "2015-10-7", 435),
("2015-8-13", "2015-10-14", 122),
("2015-8-22", "2015-10-20", 82),
("2015-8-2", "2015-10-26", 197),
("2015-8-21", "2015-10-27", 41),
("2015-8-20", "2015-10-5", 51),
("2015-8-24", "2015-10-10", 25),
("2015-8-4", "2015-10-20", 455),
("2015-8-15", "2015-10-31", 266),
("2015-8-4", "2015-10-16", 222),
("2015-8-9", "2015-10-15", 89),
("2015-8-30", "2015-10-7", 128),
("2015-8-17", "2015-10-8", 98),
("2015-8-3", "2015-10-15", 334),
("2015-8-4", "2015-10-3", 188),
("2015-8-27", "2015-10-16", 457),
("2015-8-15", "2015-10-25", 149),
("2015-8-12", "2015-10-8", 35),
("2015-8-25", "2015-10-29", 254),
("2015-8-22", "2015-10-24", 303),
("2015-8-13", "2015-10-21", 194),
("2015-8-9", "2015-10-11", 399),
("2015-8-9", "2015-10-20", 293),
("2015-8-29", "2015-10-17", 330),
("2015-8-3", "2015-10-25", 58),
("2015-8-14", "2015-10-27", 323),
("2015-8-2", "2015-10-9", 134),
("2015-8-30", "2015-10-3", 421),
("2015-8-17", "2015-10-27", 131),
("2015-8-24", "2015-10-5", 315),
("2015-8-31", "2015-10-27", 174),
("2015-8-25", "2015-10-14", 372),
("2015-8-5", "2015-10-18", 477),
("2015-8-2", "2015-10-31", 458),
("2015-8-8", "2015-10-20", 308),
("2015-8-23", "2015-10-15", 369),
("2015-8-15", "2015-10-22", 237),
("2015-8-17", "2015-10-7", 443),
("2015-8-1", "2015-10-11", 120),
("2015-8-17", "2015-10-15", 302),
("2015-8-19", "2015-10-18", 371),
("2015-8-4", "2015-10-6", 318),
("2015-8-5", "2015-10-18", 384);

INSERT INTO History (Item_id, Buyer_id, Bidding_price, Bid_on, Time_stamp) VALUES
(0, 2, 314, 0, "2015-9-29"),
(1, 2, 95, 1, "2015-9-9"),
(2, 2, 950, 2, "2015-9-17"),
(3, 1, 556, 3, "2015-9-27"),
(4, 1, 262, 4, "2015-9-12"),
(5, 1, 422, 5, "2015-9-17"),
(6, 3, 754, 6, "2015-9-17"),
(7, 3, 591, 7, "2015-9-11"),
(8, 3, 188, 8, "2015-9-18"),
(9, 1, 701, 9, "2015-9-27"),
(10, 1, 737, 10, "2015-9-6"),
(11, 1, 316, 11, "2015-9-2"),
(12, 3, 991, 12, "2015-9-13"),
(13, 2, 942, 13, "2015-9-9"),
(14, 2, 711, 14, "2015-9-11"),
(15, 3, 691, 15, "2015-9-1"),
(16, 2, 629, 16, "2015-9-24"),
(17, 1, 183, 17, "2015-9-25"),
(18, 2, 253, 18, "2015-9-18"),
(19, 2, 858, 19, "2015-9-30"),
(20, 2, 1000, 20, "2015-9-7"),
(21, 3, 292, 21, "2015-9-8"),
(22, 2, 202, 22, "2015-9-29"),
(23, 1, 295, 23, "2015-9-8"),
(24, 2, 888, 24, "2015-9-26"),
(25, 3, 210, 25, "2015-9-25"),
(26, 2, 366, 26, "2015-9-15"),
(27, 3, 47, 27, "2015-9-6"),
(28, 2, 692, 28, "2015-9-29"),
(29, 1, 290, 29, "2015-9-5"),
(30, 1, 10, 30, "2015-9-26"),
(31, 2, 525, 31, "2015-9-23"),
(32, 3, 165, 32, "2015-9-7"),
(33, 1, 335, 33, "2015-9-19"),
(34, 2, 706, 34, "2015-9-27"),
(35, 3, 357, 35, "2015-9-26"),
(36, 2, 365, 36, "2015-9-26"),
(37, 2, 897, 37, "2015-9-27"),
(38, 3, 499, 38, "2015-9-8"),
(39, 1, 515, 39, "2015-9-22"),
(40, 1, 730, 40, "2015-9-29"),
(41, 1, 944, 41, "2015-9-27"),
(42, 1, 640, 42, "2015-9-16"),
(43, 2, 648, 43, "2015-9-10"),
(44, 3, 696, 44, "2015-9-12"),
(45, 1, 252, 45, "2015-9-25"),
(46, 1, 95, 46, "2015-9-19"),
(47, 2, 839, 47, "2015-9-11"),
(48, 1, 431, 48, "2015-9-10"),
(49, 3, 146, 49, "2015-9-2");

